Word,Count
I,2499
It,533
Like,394
The,383
Work,352
Play,315
Get,313
Can't,290
Please,286
This,281
Time,266
Ads,256
Fix,244
Game,242
Account,228
Back,224
App,207
See,184
If,182
Every,174
Need,173
Even,172
Update,172
Still,154
Phone,153
My,150
Never,150
Now,147
Want,146
Money,144
Send,141
I'm,139
Not,139
You,138
Would,138
Tried,134
No,133
Log,130
Option,130
Let,129
2,128
Wheel,127
Problem,127
Give,125
Getting,124
Last,117
Could,116
There,115
Open,112
They,108
Doesn't,106
Nothing,106
So,106
Button,103
Days,102
Add,101
When,100
Keeps,98
Cant,98
Keep,97
To,97
Playing,96
Stay,96
Show,96
Try,95
It's,95
Wish,95
Well,94
And,94
A,94
Trying,93
Can,93
Know,91
Also,91
Email,90
Is,89
,88
Password,88
Yes,86
Since,86
Rid,86
In,86
Go,85
Google,84
Working,84
Times,84
Shows,84
Already,84
Using,83
U,82
Purchase,81
Watch,81
Facebook,78
Levels,78
How,77
Install,77
Make,76
Something,76
5,76
Updated,75
Dont,75
Thank,75
Works,74
But,73
Samsung,72
Their,72
Lot,72
Online,72
Three,71
Information,71
Screen,70
Needs,70
Star,70
Access,69
All,69
Number,68
Another,68
Pay,68
Ad,68
Years,68
Great,67
Save,67
People,67
Going,66
Why,65
Always,65
Says,65
Yet,64
Stars,64
Of,64
Life,63
Cannot,63
Charge,62
Use,62
Bring,62
Uninstall,62
Us,60
Guys,60
Groupon,60
Buy,60
Card,60
Sign,60
Take,60
Change,59
Everything,59
Call,58
Weeks,58
Delete,58
Bonus,58
Ago,58
Emails,58
Started,57
Either,57
Just,57
After,57
Text,57
Think,56
Anything,56
Scratching,56
Notifications,56
One,56
Allow,56
Happens,55
Loading,55
Level,55
App!,55
Put,55
Mobile,55
Tap,54
Error,54
For,54
Exist,53
What,53
Issue,53
Saying,53
Video,53
Support,53
Version,52
Lives,52
Choose,52
Anyway,52
Kill,51
Help,51
Only,51
Business,51
Offline,50
Android,50
Used,49
Cause,48
Boarding,48
Family,47
Games,47
Read,47
Have,47
Watching,47
Force,46
Two,46
Favourite,46
Crashes,46
Crashing,46
Day,45
Without,45
Downloaded,45
Again,45
4,45
Scam,45
100,45
Store,45
Way,45
Check,44
Create,44
Gone,44
Arabic,44
Love,44
Find,44
Longer,44
Data,44
Requests,43
Different,43
Load,43
Several,43
Skills,43
Landed,42
Messages,42
Ago!),42
Turkish?,42
Hindi,42
Block,42
Yrs,42
(over,42
Began,42
Brief,42
Prize,42
Assist!!,42
Though,42
Store!,42
Ever,42
Stoppage,42
Entirely!,42
Luck,42
Spin,42
Jackpot,42
Issues,41
Tell,41
Type,41
Else,41
Your,41
At,41
Company,41
Pass,40
Went,40
List,40
Be,40
Updates,40
Me,39
Cheating,39
Stopped,39
I've,39
Message,38
Does,38
Don't,38
Lose,38
Come,38
Then,38
Up,38
Million,38
Found,38
Place,38
Sometimes,37
Book,37
Too,37
Better,37
Fight,37
Receive,36
Refund,36
Based,36
Made,36
Indian's,36
Thing,36
Picture,36
Helps,36
Uninstalled,35
Search,35
Got,35
Cheat!,35
Opponents,35
Took,35
Info,35
Permantly,35
Indians,35
Recent,35
Review,34
Shot,34
Logged,34
Installed,34
Hit,34
With,34
Home,34
Rubbish,33
Price,33
Bought,33
3,33
"""",32
Stop,32
Balance,32
Gold,32
Able,32
Saved,32
Its,32
Progress,32
Decide,32
Opened,32
Heaven,32
Uses,31
Flight,31
Ut,31
Who,31
Sharing,31
Fun,31
Target,31
-,31
Should,31
Contact,31
Looking,31
Agree,30
"You""",30
Anyone,30
Multiple,30
Gamer,30
Hundreds,30
Multiplied,30
Given,30
Relaxing,30
Responds,30
Week,30
Didnt,30
Often,30
Start,30
Prepared,30
Advertising,30
Once,30
Blood,30
Never-ending,30
Bores,30
Pop,29
Ie,29
Location,29
View,29
Out,29
Bars,29
Feature,29
Note,29
Sd,29
Won't,29
Do,29
Login,29
Anymore,28
Problems,28
Glitches,28
Thought,28
Purposely,28
10,28
Daily,28
Website,28
Food,28
Mini,28
Clip,28
Poorly,28
Break,28
Deleted,28
Others,28
Bitch,28
Changed,28
Freezes,27
Stuck,27
On,27
Makes,27
Cable,27
Set,27
Helpful,27
Look,27
Kingdom,27
Next,27
Big,27
Actually,26
Hoping,26
Clicked,26
Missed,26
Connect,26
Owsm,26
Rate,26
Reset,26
Browser,26
Upload,26
Point,26
Didn't,26
Fake,26
Opening,25
Repeat,25
Glitching,25
Pdf,25
Profile,25
Tv,25
Fighting,25
Wont,25
Lots,25
Things,25
Losing,25
Later,24
Stop!,24
There's,24
Contacts,24
Site,24
Goes,24
Takes,24
Away,24
Forgot,24
Stores,24
Despite,24
Leave,24
Some,24
Erases,24
Taking,24
Chargers,24
Buttons,24
Win,24
Properly,24
Please!,24
Happening,23
Icon,23
That's,23
Added,23
Purchased,23
Crash,23
&,23
Seems,23
Instead,23
Pixel,23
May,23
Enough,22
Desktop,22
Track,22
Via,22
Couple,22
Worked,22
Immediately,22
Accounts,22
Soon,22
Off,22
Advertised,22
Options,22
Wait,22
Convenient,22
Player,21
Giving,21
Photos,21
Seem,21
Payment,21
Customer,21
Experience,21
Manage,21
Seen,21
Seconds,21
Bank,21
God,21
Difficult,21
Changes,21
Page,21
Bug,21
Wrong,21
Box,20
Fb,20
Was,20
Earn,20
Spinning,20
Them,20
1,20
Die,20
Turn,20
Computer,20
Bugs,20
Friends,20
Device,20
N,20
Said,20
S8,20
Calling,20
Order,20
Hours,20
Many,19
Has,19
Plan,19
Tickets,19
That,19
Wanted,19
Subscription,19
Garbage,19
Current,19
Been,19
Credit,19
Remaining,19
Lost,19
Piece,19
Code,19
Annoying,19
Much,19
Continue,19
Continuously,19
Starting,18
Updating,18
Task,18
Ones,18
Music,18
Name,18
Simple,18
Devices,18
Profiles,18
News,18
Caused,18
Unavailable,18
Declined,18
Apps,18
Ok,18
Maybe,18
Minutes,18
Bs,18
Product,18
Downloading,17
Case,17
Space,17
Must,17
What's,17
Function,17
Am,17
Waiting,17
Man,17
Pictures,17
I'll,17
Disappeared,17
Gets,17
Told,17
Remove,17
Addicting,17
This!,17
Here,17
Constantly,17
Details,17
Purpose,17
Months,17
Short,17
Unusable,17
Where,16
4th,16
Drawer,16
Will,16
Specific,16
Learn,16
Hear,16
Fr,16
Team,16
Five,16
Lets,16
Lol,16
Amazon,16
Although,16
Gate,16
Spam,16
Internet,16
Iti,16
Couldn't,16
Battery,16
Tips,16
System,16
Quite,16
Enjoy,15
Connecting!,15
Nyc,15
Basic,15
Almost,15
Report,15
Cloud,15
Steps,15
Over,15
Warp,15
Unnecessary,15
Abominations,15
Boosters!,15
Press,15
Helped,15
Use?,15
Documents,15
Language,15
Local,15
Doesnt,15
Purchases,15
Cards,15
Everyone,15
Progressing,15
Locks,15
326,15
Logs,15
Minute,15
Deal,15
These,15
Username,15
Settings,15
Share,15
Continues,15
Passes,15
Stars!,15
Calls,15
Map,15
Date,14
Accidently,14
Airlines,14
Pack,14
Left,14
Stuff,14
Approved,14
Leaving,14
Created,14
Person,14
Uninstalling,14
Reinstalled,14
Understand,14
Instructions,14
Cases,14
Making,14
Move,14
Bit,14
Done,14
Galaxy,14
Guess,14
File,14
Bar,14
Through,14
Say,14
Itinerary,14
Paid,14
Fact,14
Restaurant,14
Area,14
Process,14
Correct,14
Appearing,14
First,14
Except,14
Weather,14
Charged,14
Providers,13
Crashed,13
Editing,13
Players,13
Possible,13
Huh,13
Correctly,13
Books,13
Received,13
Auto,13
Same,13
Warning,13
Id,13
Bottom,13
Drive,13
Were,13
Second,13
Showing,13
Out?,13
Stories,13
Wifi,13
Upgrade,13
Plus,13
Friend,13
Videos,13
Story,13
Car,13
Crush,13
Apply,13
Candy,13
Rated,13
Deleting,13
Recently,13
Eight,13
Valid,13
Company!,13
Names,13
Followed,13
Paste,13
Pick,13
Easier,13
American,13
Connection,13
Post,13
We,13
Called,13
Hope,12
Actual,12
Aunt,12
I'd,12
Feel,12
Stops,12
Indicate,12
Draft,12
Attempt,12
User,12
Links,12
Improve,12
Description,12
Ask,12
Hotels,12
Basis,12
Those,12
$200,12
Lady,12
Within,12
5*,12
"Card""]",12
"""gift",12
"Program""",12
"[""loyalty",12
->,12
"""passes",12
Tickets?,12
Hyped,12
Aide,12
Getaway,12
Rite,12
''',12
Disappointed,12
Meyers,12
Fred,12
Cancel,12
Notes,12
Xl,12
Utobpaste,12
Addressed,12
S9+,12
Openingjust,12
End,12
Sighs,12
Shown,12
Addictive,12
Refunded,12
Grouponnl?,12
Rabobank!,12
Wagjag,12
Towards,12
Refunds,12
Bird,12
Gave,12
Mistakenly,12
Verifying,12
Techn,12
Adobe,12
Accipio,12
Burnt,12
Exploded,12
Renewed,12
Prevent,12
****,12
Charges,12
Againjust,12
Reminders,12
Waited,12
Chest,12
Brow!,12
Iam,12
Wake,12
Askes,12
Pm,12
1120,12
Finded,12
Chests,12
City,12
Creating,12
Care,12
Reason,12
Hangs,12
Images,12
Room,12
Requires,12
Nec,12
Line,12
6,12
Rows,12
Dropbox,12
Matter,12
Joking,12
Know?,12
Personalized,12
Close,12
Formatting,12
Reminder,12
Wasnt,12
Weapons,12
Ranged,12
Animated,12
Mortal,12
Base,12
Kombat,12
Regular,12
However,12
Defeats,12
Chrome,12
Gray,12
Zoom,12
1v1,12
Print,11
Sync,11
Visible,11
30,11
History,11
Messed,11
70,11
Content,11
Automatically,11
Im,11
Fee,11
Asking,11
Initial,11
Shame,11
Transaction,11
Verification,11
Notification,11
Provider,11
Link,11
Recommend,11
Sent,11
Delivery,11
Freeze,11
Sms,11
Score,11
Developers,11
Youtube,11
Job,11
Talking,11
Country,11
Chance,11
Copy,11
0,11
Sudden,10
Transfer,10
Any,10
Phones,10
Reasons,10
Duplicate,10
Image,10
Gems,10
Format,10
Baby,10
Opportunity,10
Crappy,10
Refresh,10
Helpers,10
Boards,10
Viewing,10
Aimer,10
Scope,10
Learned,10
Chose,10
Sending,10
Run,10
Pounds,10
Beat,10
Self,10
Folder,10
Tells,10
Reading,10
Blank,10
Figure,10
Today,10
Waste,10
Edit,10
Ordered,10
Functioning,10
Struggle,10
Setup,10
Mode,10
Gives,10
Mac,10
Select,10
Form,10
500level,10
Alarm,10
Across,10
Photo,10
Broke,10
Driver,10
Did,10
Adding,10
Switch,10
Tnx,9
Payments,9
Away!,9
Gift,9
Reader,9
Labeled,9
Support!,9
Setting,9
Awsm,9
"""security",9
"Reasons""",9
Delta,9
Contacted,9
Claimed,9
Happened,9
Referred,9
Equally-vague,9
Customer-oriented,9
Gin,9
Pharmacy,9
Khandaker,9
Turned,9
Seekbar,9
Solution,9
Highlighted,9
Locally,9
Burger,9
Unhelpful,9
Criticizing,9
Pix,9
Permanently,9
Document,9
Gyft,9
"""rocketbook""",9
Unlike,9
3rd,9
Notified,9
Addendum,9
Cost,9
Appear,9
Kept,9
Program,9
Kumar,9
Recipes,9
King,9
Acrobat,9
Stole,9
Declines,9
Instantly,9
Bank's,9
Configured,9
Problem:,9
Mattress,9
Goood,9
Photographs,9
Transferring,9
V4201,9
Repairing,9
Manfishing,9
Pressure,9
Yeah,9
Assassin,9
Especially,9
Scores,9
Taken,9
Osm,9
Plays,9
Include,9
Miss,9
Quarters,9
Permissions,9
Phantom,9
Means,9
Deals,9
Latest,9
Entered,9
Personal,9
Free,9
Might,9
Year,9
Invalid,9
Connected,9
Application,9
Skip,9
Sofa,9
Realize,9
Threw,9
Dates,9
Netflix,9
Circle,9
Kindly,9
Daughter,9
Isnt,9
Indian,9
$30,9
Ticket,9
Lesson,9
Badoo,8
Suspect,8
Otherwise,8
Pronunciation,8
Drivers,8
Address,8
Files,8
Top,8
Rent,8
Ended,8
Stunning,8
Around,8
World,8
Freezing,8
Accounts?,8
80,8
Update:,8
Saving,8
Features,8
Doctor,8
Enemies,8
50,8
Eating,8
Answer,8
Overdraft,8
Displayed,8
Ids,8
Security,8
Channel,8
He,8
Cymera❤️,8
Selfieslove,8
Collagebest,8
Mkin,8
Registered,8
100%,8
9,8
Subscribed,8
Asked,8
Inability,8
Newest,8
Network,8
Instantly???,8
Blocked,8
Enemy,8
Bullets,8
Voice,8
Register,8
110,8
Connecting,8
Tablet,8
Supports,8
Asap,8
Double,8
Liking,8
Up!,8
Month,8
Etc,8
Pic,8
Someone,8
Forward,8
Trades,8
Vijayan,8
Menus,8
Episodes,8
Board,8
Shopping,8
Pc,8
Plane,8
Points,8
Wants,8
Literally,8
Overseas,8
Crew,8
Useless,8
Users,8
Allowing,8
Position,8
Step,8
Filters,8
Alot,8
Folders,8
While,8
Restart,8
Pics,8
Keyboard,8
Provide,8
Input,8
Learning,8
Monitor,7
Zero,7
Past,7
Supported,7
Clicking,7
Thinks,7
Bluetooth,7
Reinstall,7
Allows,7
Alright,7
Efficient,7
Dogs,7
Terms,7
Cover,7
Chat,7
Designed,7
Hi,7
Download,7
Design,7
Accept,7
Platform,7
Whenever,7
Pro,7
Reply,7
Iphone,7
Floor,7
Finally,7
L,7
Hand,7
Unlocked,7
As,7
Everytime,7
Privacy,7
Suggests,7
Quits,7
Bother,7
Scheduled,7
Mistake,7
Loads,7
Scammers,7
Constant,7
It!,7
Enter,7
Appears,7
Saver,7
Wanting,7
Bunch,7
Choice,7
Hassle,7
Default,7
Let's,7
Reviews,7
Definitely,7
Results,7
Totally,7
Dog,7
Sort,7
Pages,7
House,7
Truck,7
Modify,7
Hang,7
Until,7
Hello,7
Background,7
Hell,7
Sleep,7
?,7
Comes,7
Needed,7
K,7
Shop,7
Intrusive,7
Ever!,7
Unless,7
It!!,7
Fingerprint,6
Flashlight,6
Closing,6
Nerve,6
Reappear,6
Train,6
Memory,6
Write,6
Hungry,6
Specifically,6
Race,6
Following,6
Server,6
Bloomberg,6
Checks,6
Hooked,6
Changing,6
Update!!,6
Comment,6
(249,6
Disappears,6
Deposit,6
12,6
About,6
Loan,6
Windows,6
Docs,6
Roll,6
Night,6
Four,6
Deserves,6
Usd,6
Awsome,6
Thing?,6
Basic?,6
Kitkat,6
Faced,6
Spend,6
Unlock,6
Saves,6
Control,6
Goals,6
Spark,6
Low,6
Point),6
Child's,6
21,6
$,6
India,6
*,6
Financial,6
Happen,6
Rather,6
15,6
Real,6
White,6
Cam,6
From,6
Camel,6
Sale,6
Century,6
Brah,6
(proof,6
Smartphone,6
Promote,6
Advertiser,6
Veryuseful,6
Whole,6
Simply,6
Developer,6
Xperia,6
Face,6
Extra,6
20,6
Curve,6
Buffering,6
(food,6
Library,6
Reported,6
Activate,6
Satellite,6
Finish,6
Nagged,6
Paper,6
Goodbut,6
Confuse,6
Inquiry,6
Seeking,6
Eps,6
Authorized,6
Changeit,6
Receiving,6
Episode,6
Explore,6
Excel,6
Thumbs,6
Addition,6
Improvement,6
Pending,6
Huawei,6
Sizes,6
Trash,6
Forces,6
Airplane,6
Diners,6
Increase,6
July,6
Ins,6
Items,6
Viewer,6
Buggiest,6
Homescreen,6
Dives,6
"In""",6
"""stay",6
Star),6
Property,6
Act,6
Unclear,6
Terminal,6
Binge,6
Arendale,6
Plaza,6
Sugar,6
Entirely,6
Trial,6
Unstall,6
Du,6
Cash,6
Something!,6
Jour,6
Tonne,6
Debited,6
Basically,6
Stick,6
Convenience,6
E,6
Frost,6
Coloring,6
Cast,6
Game!,6
Monthly,6
5star,6
Bark,6
Necessity!,6
Dhd,6
Puppy,6
Idk,6
Moto,6
Tab,6
Rooted,6
Favorites,5
Example,5
Match,5
Texting,5
Sad,5
Rest,5
Forever,5
English,5
Private,5
North,5
Speaker,5
Fix!,5
Word,5
1954!!!!,5
Dress,5
Are,5
Filter,5
Vote,5
Web,5
Barbie,5
Manually,5
Depression,5
Joke,5
Purchasing,5
H,5
Policy,5
Draw,5
Showed,5
Mine!,5
Wracking,5
Houses,5
Door,5
Appointments,5
Fear,5
160,5
Machines,5
Highlight,5
Dear,5
Lower,5
Anywhere,5
Best,5
Words,5
Informative,5
Having,5
Pets,5
Hide,5
Sony,5
Cup,5
Disconnect,5
Camera,5
Puts,5
Majority,5
Frustrating,5
Which,5
Saw,5
Mind,5
Approve,5
Traveling,5
Whatever,5
Uploading,5
Had,5
Meditation,5
Meet,5
Buggy,5
Trip,5
State,5
435,5
Fees,5
None,5
Cache,5
Third,5
Straight,5
Gmail,5
Mins,5
Wanna,5
Branch,5
Event,5
Cheat,5
Lag,5
Teaching,5
Cc,5
Lock,5
Rip,5
#1,5
Beginning,5
Played!,5
Response,5
Part,5
Solid,5
Scanning,5
Travel,5
Commercials,5
Knowing,5
Flying,5
Menu,5
Neither,5
Weight,5
Calories,5
Loss,5
Listed,5
Permission,5
Furniture,5
Request,5
Speak,5
Looks,5
Elated,5
Dictionary,5
Widget,5
Causes,5
Putting,5
Size,5
Movie,5
Fraud,5
Weekly,5
Woot!,5
Horses,5
Robot,5
Telling,5
Color,5
O,5
Advert,5
Clues,5
8,5
Processing,4
Follow,4
Whoever,4
Challenged,4
Lacking,4
Inside,4
3d,4
Climb,4
Technologically,4
Kiss,4
Travels,4
Stressing,4
Batch,4
Referral,4
Oneplus,4
Australia,4
Amazon',4
Europe,4
Hii,4
Protected,4
Outside,4
Marketplace?,4
Awhile,4
Stone,4
Render,4
Watched,4
$300,4
130,4
S8+,4
Mock,4
Drafts,4
Kicks,4
Sapphire,4
Option?,4
Hostels,4
Keeping,4
Bed,4
East,4
Posts,4
Gangtok,4
Side,4
You've,4
Campaign,4
App?,4
Shillong,4
Loser,4
Junk,4
Awesomeness!,4
Appcontains,4
Trade,4
Waiver,4
Shud,4
To?,4
Problematic,4
Pass;,4
Lists,4
Artist,4
Advice,4
13th,4
Erase,4
Boom,4
Pretends,4
Correct?,4
Trail,4
Cheated,4
Boyfriend,4
Wondering,4
Um,4
Brought,4
Vehicles,4
(names),4
(same,4
Board),4
Farthest,4
Being,4
Domestic,4
Me(after,4
Violence,4
Grateful,4
Hmm,4
Hitting,4
Botton),4
Premium,4
Paying!,4
Carry-on,4
Fat,4
Therefore,4
Unsafe,4
Threaten,4
Enhancer,4
Eats,4
Ain't,4
Moneyand,4
Value,4
100k,4
Persons,4
Guaranteed,4
Flights,4
Membership,4
Damn,4
Adhered,4
Rules,4
?this,4
Chatting,4
Yc,4
G,4
Hghc,4
Manner,4
Earth,4
Timely,4
Money!!,4
Breeze!!!,4
Savings,4
Goals!!,4
Glucose,4
Colors,4
G5,4
Comments,4
Locked,4
An,4
Resolve,4
Akb,4
Name:,4
Megan356,4
Suggest,4
Greet,4
Sim,4
Scam???,4
Compatibility,4
Xfinity,4
Providers?,4
Comcast/xfinity,4
Clips,4
Cs,4
Including,4
Stop!!,4
Provider!,4
Largest,4
Xfinity-comcast,4
Ads!,4
Volume,4
Invented,4
Catch,4
Push,4
4',4
Extensions,4
Instruct,4
Models,4
Karma,4
He'll,4
We'll,4
Misleading,4
Afp,4
Approval,4
Instant,4
Forget,4
Tall,4
Shittest,4
Speed,4
Resulted,4
Overdrafts,4
Screwed,4
Gaurav,4
Lookup**,4
Weighted,4
158,4
Pound,4
Paypal,4
132,4
"""never""",4
Requiredyay,4
Neighbor,4
Likes,4
Metric,4
Foods,4
Ass,4
Recognizes,4
Entries,4
Gained,4
Child,4
Nightcame,4
What?,4
Irritated,4
Rn,4
Coffee,4
Hr,4
Booking,4
Arrival,4
Sigh,4
Stressanxietyand,4
Sighyup,4
Itself,4
*basic,4
Calorie,4
Beg,4
Struggled,4
Dnt,4
Connect!!!,4
-$88,4
Prefer,4
Firstok,4
Onneed,4
Versa,4
Vice,4
Permit,4
Spread,4
Ngoài,4
Bên,4
Replace,4
Polaris,4
Officesuit,4
Smaller,4
576mb,4
Overdrafts!!!!!!,4
-$116,4
Insert,4
Documents?,4
Hasnt,4
Ineedthis,4
Nobody,4
Trusts,4
Anymore!,4
Promoting,4
Imperial,4
Facebook!,4
Outrageous,4
Sat,4
Bonuses,4
Colorcalculator,4
Eh,4
Fad,4
Inexcusable,4
Gh,4
Over-monetized,4
Soda,4
Errors,4
Controls,4
Mb,4
French,4
Girls,4
Touch,4
Respond,4
Version?,4
Butt,4
Bhavya,4
Objects,4
Yesterday,4
Occurred,4
Rx,4
Shipped,4
Be!,4
Dope,4
Shoes,4
Clothing,4
Cave,4
Bombarded,4
Instagram,4
Concepts,4
Firefox,4
Reapply,4
Flag,4
Stored,4
Slow,4
Loves,4
Polish,4
Courses,4
Manager,4
Gud,4
Vinod,4
Tvm,4
Sparepart,4
Ignore,4
Gotten,4
Charging,4
Trainingcould,4
Responded,4
Defiantly,4
Asks,4
Properties,4
Fork,4
Dial,4
Undo,4
Equivalent,4
Rendered,4
Ball,4
Hey,4
Vadodara,4
Views,4
Method,4
Easiest,4
Effect,4
Multiplayer,4
Trips,4
Restarted,4
Coming,4
Oreo,4
Trimmed,4
Arrangements,4
Insurance,4
#,4
Glitchy,4
2018,4
17,4
Or,4
Recommended,4
Bigger,4
Gucci,4
Jailbroken,4
Nonsense,4
7,4
Submit,4
Claim?,4
Pls,4
S7,4
Became,4
Prices,4
Reopening,4
Unresponsive,4
Messenger,4
Dewey,4
Listening,4
Would!!!,4
Nose,4
Upgraded,4
Hsa,4
Power,4
Dissatisfied,4
Beta,4
Choice:,4
6-8%,4
Mmm,4
Issues?,4
Holp,4
Class,4
/,4
Running,4
Stealing,4
B612,3
Whatsapp,3
Themes,3
Twice,3
Nowhere,3
Colours,3
Graphics,3
Came,3
P20,3
Independence,3
Sake,3
Deny,3
Very,3
Kids,3
Begin,3
Causing,3
Sensitivity,3
Buying,3
It?,3
Nexus,3
Unstable,3
Per,3
Bookings,3
C4,3
Streaming,3
Twitter,3
Thinking,3
Articles,3
Future,3
Rewards?,3
Chinese,3
Earlier,3
Meeting,3
Coins,3
Quicker,3
Solve,3
Logging,3
Stopping,3
Wasting,3
Package,3
Children,3
Adverts,3
Lowest,3
Elsewhere,3
Eurosport,3
Reload,3
Blurry,3
Together,3
Become,3
Work!,3
Nutritional,3
Gd,3
901,3
Ingredients,3
It!!!,3
Hangouts,3
!,3
Chase,3
Td,3
Nvr,3
Ppl,3
Conversations,3
Counters,3
Teams,3
Concept,3
Student,3
Graphing,3
Calculator,3
Replies,3
Min,3
Barley,3
Plagued,3
Moved,3
Sound,3
Integrate,3
Accessing,3
Market,3
Cloud?,3
P,3
Uninstalled!,3
Development,3
Wipe,3
Logo,3
Age,3
Laptop,3
Husband,3
Immediate,3
Functions,3
Quit,3
Poop,3
Visit,3
Software,3
Delivered,3
Groups,3
Stable,3
Intuitive,3
Avatar,3
999,3
Stays,3
Edit:,3
All',3
Chromebook,3
'select,3
Feedbacks?,3
Reports,3
Boring,3
"Spam""",3
"""reporting",3
Ends,3
J,3
Hotmail,3
Attempting,3
Gmail),3
Bubble,3
Quality,3
(hotmail,3
Improved,3
Glitch,3
Probably,3
Voicemail,3
5-10,3
Accountable,3
99%,3
Bringing,3
Total,3
Really,3
Pdfs?,3
Official,3
Pdfs,3
Highlighter,3
Gear,3
Suck,3
Highlighting,3
Besides,3
Worst,3
Abode,3
Crippleware,3
Suffer,3
Scanner,3
Edited,3
Unused,3
Responding',3
'application,3
Emails!!!,3
Cookies,3
Ruining,3
Underneath,3
Join,3
Lite,3
Enable,3
Occasion,3
Fewer,3
Icons,3
Disruptive,3
Scan,3
Dock,3
Resize,3
Emailed,3
Doubt,3
Launcher,3
Members,3
10/10,3
Vary,3
Adds,3
Scoring,3
Lenders,3
Fico,3
Advised,3
Union,3
Verified,3
75,3
Fluctuates,3
Painful,3
Time!,3
Irfan,3
Accurate,3
Birthday,3
Navigation,3
Reservation,3
Closes,3
Today's,3
X,3
Bible,3
Orders,3
♡,3
Expecting,3
Paying,3
Meal,3
Amazon--you,3
Donor,3
Display,3
Removed,3
24,3
Closer,3
Idea,3
Mention,3
Fortnight,3
Presses,3
Yesaaaaaaas,3
United,3
Clearing,3
Great!,3
Build,3
Interface,3
Places,3
Anytime,3
Amount,3
Families,3
False,3
Gesture,3
Reminding,3
Cooking,3
Preview,3
Checked,3
Heart,3
Ten,3
Apple,3
Coz,3
Title,3
Deactivate,3
Coupons,3
Provides,3
Waist,3
Pops,3
Searching,3
Unacceptable,3
Solved,3
Rectify,3
Installation,3
Cameras,3
Hopefully,3
Kicking,3
Delhi,2
Claims,2
Bug?,2
Cries,2
Again!,2
Source,2
Noticed,2
Lifesaver!,2
Digit,2
Capital,2
Metro,2
Thanks,2
Verify,2
Blackberry,2
Bill,2
Sonetime,2
Coolest,2
Msg,2
Hoped,2
Mumbai,2
Diverts,2
Covered,2
Gr8,2
Bihar,2
Bar!,2
Discover,2
Ryt,2
Yolo,2
Tym,2
Popped,2
Treatment,2
That?,2
Leagues,2
10000,2
Mediapad,2
Technical,2
Onbut,2
T1,2
43,2
Motion,2
Operating,2
Yellow,2
Goalsred,2
Consuming,2
Gif,2
Russia,2
Movements,2
Hog,2
Homepage,2
Apk,2
Rs,2
Plz,2
Igor,2
Patna,2
Emailing,2
Modified,2
Understandable?,2
Cell,2
Avail,2
Resolving,2
Appreciate,2
Day/,2
Usefull,2
Skipped,2
Logbook,2
Rounded,2
Assistant,2
Stalled,2
Planes,2
Nfc,2
Town,2
Matches,2
Wear,2
Done!,2
Writing,2
Lockscreen?,2
Earth?,2
Livenear,2
Windy,2
Instance,2
Maps,2
Solar,2
Reduce,2
Cos,2
Export,2
Underscores,2
Panels,2
Installing,2
Glimp,2
Smartwatch,2
Moment,2
25,2
Asleep,2
Service,2
Row,2
Navigate,2
Roof,2
Golf,2
Fixing,2
81,2
Old,2
Allowed,2
Key,2
Finding,2
1st,2
150,2
Costs,2
Apartments,2
Completed,2
Reopened,2
Zillow,2
Os,2
Fail,2
Nagging,2
Randomly,2
Falls,2
Reboot,2
Attempted,2
Airport,2
Archive,2
Monitoring,2
By,2
Shifting,2
Equipment,2
Notthe,2
Complicated,2
Rcg,2
Editor,2
Download!,2
Occasional,2
Wall,2
Directs,2
Fantastic,2
Vip,2
Patience,2
Workingwhy,2
Gooo,2
3love,2
Lags,2
African,2
Grammar,2
"Dear""",2
Motorcycle,2
Mid,2
Stock,2
£22,2
Pinched,2
Bogus,2
Adjusting,2
Mil,2
16,2
Feeling,2
Suggestions,2
Pos,2
Backed,2
Scammed,2
B,2
Aviary,2
Throw,2
It??,2
Sometime,2
Assist,2
Athem,2
Talks,2
Synced,2
Applications,2
"""roll",2
Rauf,2
Hanging,2
Ease,2
Issued,2
Used!!!!,2
(eg,2
Notebook,2
America,2
Transferred,2
Metried,2
Hundred,2
Nutshell,2
Azar,2
Walk,2
Wallpapers,2
"Back""",2
Discrepancies,2
Figures,2
Renting,2
Sell,2
Desk,2
Spammers,2
Ground,2
Switching,2
Garden,2
Spins,2
M8,2
Instal,2
Refused,2
Gems!,2
Reimbursement,2
Before,2
All!,2
Automatic,2
Unfortunately,2
Duplicates,2
Nudity,2
Functional,2
Reborn,2
Frogger,2
Returns,2
Anymorei,2
Listing,2
Factor,2
Tiles,2
It'd,2
Legitness,2
Item,2
Interested,2
Pretty,2
Layout,2
Apts,2
Who's,2
Turns,2
Fabulous,2
Update?,2
Fill,2
Asphalt,2
Stomach,2
Mrbhangu,2
Celtic,2
Translate,2
Problem!,2
Entertained,2
Amazed,2
Wallpaper,2
#amazinglyaddictive,2
Aside,2
Ways,2
Route,2
Ever!!!!!!!!!!!!!!!!!!!!!!!!!!!!!!!!!,2
Convfefe,2
Teat,2
Ilove,2
Entire,2
Garmin,2
Tasty,2
Snapchat,2
Mast,2
Impression,2
Carddelete,2
Published!,2
Mo,2
Messenger;,2
Popping,2
902,2
Carriers,2
Yogendra,2
Variety,2
Untill,2
$10,2
Dollar,2
Experiencing,2
$1000,2
645,2
Android?,2
(at,2
Gastro,2
Awesome,2
Milestone,2
Wicket,2
Overs,2
Notif,2
*india*,2
Unable,2
Recieving,2
Freaking,2
Bet6,2
Ios,2
Spinners,2
Gate),2
Currently,2
Choices,2
Popat,2
Talabwalia,2
Nasim,2
Thereafter,2
Aright,2
Inlove,2
Interrupt,2
Gallery,2
Percentage,2
Good,2
Toes,2
Trust,2
???,2
Narration,2
Audible,2
Pissed,2
"""go",2
£799,2
Fricking,2
147,2
Emptied?,2
Faulty,2
Indo,2
330pm,2
1130am,2
Eventually,2
Re-add,2
Gps,2
Enticements,2
"Pro""",2
18,2
Qr,2
Person's,2
Anime/kawaii,2
Replying,2
Urself,2
Justify,2
Programmers,2
Secs,2
Q,2
Numbers,2
Fandango,2
Cinemark,2
Listen,2
Expect,2
Me?,2
Code?,2
Accuracy,2
Limit,2
40mg/5mg,2
Twynsta,2
Besilate,2
80%,2
Amlodipine,2
Bp,2
Checker,2
Since!,2
Non,2
Each,2
Browsers,2
Opens,2
Prior,2
Exit,2
Training,2
Cheaper,2
Split,2
Portrait,2
Landscape,2
Switches,2
Series,2
Author,2
Texas,2
Widget!,2
Remember,2
Internal,2
This?,2
Hmmm,2
Eyes,2
$5,2
Lending,2
Heating,2
Thanx,2
Loot,2
Slogan,2
Signed,2
Checking,2
Cart,2
Resets,2
Wouldn't,2
Wastage!,2
Help?,2
51,2
),2
(if,2
Nothing!,2
Deducted,2
Recd,2
Sold,2
Character,2
Cakes,2
Ideas,2
Pull,2
Eve,2
Roster,2
Played,2
Screwing,2
Alerts,2
Maintenance,2
Highlights,2
Stream,2
Farm,2
Honor,2
Submitted,2
Favourites,2
Trashy,2
Hotel,2
Ahead,2
Fandago,2
Nan,2
Birds,2
Thru,2
Massenger,2
Luv,2
Refreshfb,2
Disgustingalways,2
3)chatting,2
2)switched,2
Childhood,2
"Comments""",2
Parameters,2
Expressed,2
"""loading",2
Off!,2
Basurde,2
1),2
Pressing,2
Lord,2
Returning,2
Google's,2
Rental,2
Coupon,2
Hrs!,2
Packs,2
Countdown,2
Prettier,2
Bethesda,2
Notice,2
Mixed,2
Vault,2
Literal,2
Binaural,2
Beats,2
Driving,2
Fresh,2
Feels,2
Cents,2
Quests,2
Favorite,2
Pain,2
Salarzi,2
Bajaur,2
Pti,2
Malik,2
Schedule,2
Meaning,2
"Follow""",2
"""future",2
Neal,2
Dream,2
Th,2
Downtime,2
Donation,2
Replacing,2
Newsfeed,2
Anyone's,2
Again;,2
Withdrawal,2
Nerves,2
Nonsensical,2
Determine,2
Everyone's,2
Why!??!?!,2
Tabs,2
2017,2
Fbbut,2
React,2
Partners,2
Playlist,2
Weights,2
Plans,2
Workout,2
Various,2
Excellence,2
Load!,2
Help!,2
"""posts",2
"Facebook""",2
Po,2
Soooo,2
Badthanks,2
Accountit's,2
Sudunly,2
Campaign??,2
Please',2
Decided,2
Ship,2
Suddenly,2
Liga,2
'feature,2
Resorted,2
"""""",2
"Campaign""",2
"""none",2
Adset,2
Indonesia,2
Join!!!!!!!,2
Tracker,2
Play-by-play,2
Mlb,2
Joined,2
Grous,2
Donate,2
Dozen,2
Unreliable,2
Soooooooo,2
Compare,2
El,2
Road,2
Refreshing,2
Entel,2
Completely,2
Delivers,2
Supposed,2
Challenge,2
Receipts,2
Ko,2
Installs,2
Boo,2
Drains,2
Buenissssimooooo,2
Pickup,2
Homework,2
Graph,2
School,2
Workplease,2
Incorrect,2
Porkado,2
Reopen,2
Bathrooms,2
Diabetes,2
Decoration,2
Both,2
Counted,2
Denied,2
Record,2
Vast,2
Quiet,2
Servings,2
22,2
Habits,2
Scans,2
Motivated,2
25-35,2
Exercise,2
Day!,2
Fitbit????,2
Kidding,2
Me??,2
Codes,2
Barcodes,2
Offline?,2
Manageable,2
Minimize,2
Upon,2
30minutes,2
Rechecking,2
Increased,2
157k!,2
Currency??,2
Euro,2
Cheapest,2
Why?,2
Marker,2
Lines,2
Maximize,2
Pleased,2
Shapes,2
Bus,2
Norms,2
Incognito,2
(680),2
Stuff!,2
Import,2
Doesn't!,2
Increased!,2
157k!!,2
Queue,2
What???,2
Straighten,2
Angle,2
Miror,2
Toddler,2
Vertical,2
Horizontal,2
Film,2
Poster,2
Hardest,2
Sran,2
S5,2
Tt,2
Uploader,2
Anita,2
Nougat,2
Distinguish,2
Country?,2
$simbol,2
Confused,2
Font,2
Nook,2
Additional,2
Laggy,2
Diamond,2
6p,2
Indeed,2
Rewarded,2
Ais,2
Diamonds,2
Gun,2
Lottery,2
Leaves,2
Accesses,2
Upset,2
Related,2
Advertisements,2
Attack,2
Hopes,2
Working!,2
Diamond's,2
Picking,2
Building,2
Royol,2
Forgetting,2
Tree,2
Truemove,2
Upcoming,2
Facility,2
Attachment,2
Compatible,2
Beauty,2
Attach,2
3or4,2
Theme,2
Transactions,2
Myself,2
Style,2
Complaints,2
Fs,1
Faruk,1
Played??,1
Beware,1
Clerk,1
Play!,1
Kit-kat,1
Below,1
Fl16,1
Kno),1
Trees,1
Built-in,1
Counter,1
Brain,1
Airport/,1
Expected,1
Plants,1
Vacation,1
Fire,1
Aircraft,1
Mg,1
Fires,1
Relation,1
Human,1
Screenshots,1
Thoughts,1
Kg,1
411,1
Savings!,1
Voila!!,1
Jelly,1
Malware,1
One's,1
Contains,1
Alfred,1
J016,1
Street,1
Openafter,1
Foot,1
Marsmallow,1
Rooted),1
Newspapers,1
Requesting,1
Mining,1
Nearest,1
Bean,1
Blackmail,1
10mb,1
(samsung,1
15gb,1
(kualanamu,1
Tabet,1
Expiration,1
Dead,1
International,1
Chosen,1
Accessories,1
News',1
Lite),1
Uops!,1
Operation,1
Screenshot,1
Dinars,1
Regret,1
Prone,1
Formulas,1
Maths,1
Nsfw,1
Disagreeable,1
Tana,1
Sin2a,1
Trashhh,1
Guzzling,1
Subscriber,1
Premier,1
Beneficial,1
Tractable,1
Compact,1
Anythung,1
Ran,1
Starts,1
Shoulders,1
Clone,1
Done),1
M,1
Asus,1
Happen?,1
S#*t,1
Jpeg,1
Pen,1
Ddonet,1
Scale,1
Animation!,1
Daffodil,1
Responding,1
Ruin,1
Tacky,1
1:100(according,1
Decompress,1
Rar,1
Scam!!!!,1
Pokies,1
Onetravel,1
Mega,1
Autostart,1
Findable,1
2-3x,1
"""view",1
Delta?,1
Extraction,1
Nicely,1
"Plan""",1
Distorted,1
Romanian,1
Kuwaiti,1
Omit,1
Advertisement,1
Kwd,1
Skype,1
Blacklisted,1
Arrrrgggghhhh,1
Variable,1
"""if""",1
Origin,1
Types,1
Translet,1
Accumulated,1
Tomorrow,1
Assamese,1
Booked,1
Isn't,1
Pennies,1
Mislead,1
Poser-,1
Restore,1
Operative,1
Flexible,1
Airports,1
Destination,1
Protection,1
Lie,1
Livable,1
Rupees,1
Hayday,1
Awards,1
Confirm,1
Signing,1
Scenario,1
Dismiss,1
Overage,1
Costly,1
Gb,1
Talked,1
Timed,1
Cheats!!!,1
Dual,1
21200/-,1
Wiped,1
Nov,1
2015,1
Touchpad,1
(two,1
Time),1
Services,1
Whether,1
Servers,1
Wonder?,1
Reluctant,1
Hamilton,1
Winner's,1
Odds,1
Interactive,1
Bored,1
Legitimate,1
Shutdown,1
Wts,1
Crates,1
Hero,1
Pvp,1
$500,1
Boosts,1
Heh,1
Adsstill,1
Hhh,1
Aight,1
Itz,1
Lit,1
Lynbrook,1
Flask,1
Outdo,1
Disney,1
5th,1
Slides,1
Xz1,1
Later-,1
Fingertips,1
Automated,1
Banking,1
Improving,1
Yay!,1
Unimpressed,1
Easyinformative,1
Loaded,1
Hh,1
Haaaa,1
Experienced,1
Dec,1
Snyghjngeither,1
Ything,1
Ms,1
200,1
Honestly,1
Complaint,1
Theirs,1
Versus,1
Stats,1
Predetermined,1
Encounter,1
Implemented,1
111,1
Alike!,1
Step?,1
Stutter,1
Thanksgiving,1
Fraction,1
Ad-free,1
Calculators,1
Sine,1
This!!,1
Programs,1
Liking$,1
Herei,1
Nerd,1
Sin(arcsin(x)),1
Eorking,1
Opacity,1
We're,1
Picit,1
Hamilfans,1
Must-have,1
Packages,1
1gb,1
฿,1
39,1
500mb,1
25mb,1
Net,1
Banner,1
Updated?,1
Problemthank,1
Moodplease,1
Wallet?,1
Machine,1
Wallet,1
Dtac,1
Carrier,1
Prepaid,1
Boost,1
Wite,1
60,1
Xa,1
Fonts,1
Keypad,1
Texts/notes,1
Crippling,1
Acount,1
Body,1
Nuisance,1
Ki,1
Disappoint,1
Hotstar,1
Dint,1
Answeri,1
Ready,1
Ot,1
Kotyadipathi,1
Kannadada,1
Ch****a,1
M_€¢€£€>_√¤™¥`√,1
Apni,1
Ya,1
Karoge,1
Karo,1
00love,1
2x,1
15x,1
125x,1
2nd,1
Subtitles,1
Gang,1
Interconnected,1
Collar,1
Daunlod,1
Horse;es,1
Savann,1
Horse,1
Liar,1
37,1
200+,1
Do?,1
Solution?,1
Postings,1
Owner,1
Agent,1
Buyers,1
Redirect,1
Business?,1
There!,1
Cars,1
Plane/car,1
Debit,1
Slc,1
Rerouted,1
Screws,1
Questionswill,1
Loo,1
Fit??,1
11pm,1
Mark,1
11801nicetime,1
Taxthey,1
6170,1
Tax,1
5460,1
Scammersbooked,1
Sh*thole,1
Scandalous,1
Bait,1
Pinterest,1
Awordaday,1
Superficial,1
Az,1
Scattered,1
Album,1
Exclude,1
Album?,1
Distracting,1
Tugel,1
Bakhakh,1
Gork,1
Njordi,1
Beard,1
Alexandra,1
Rayna,1
Lights,1
Alguds,1
Styler,1
Compass,1
Couldnt,1
Anybody,1
Me!,1
(pattern),1
Forgotten,1
1month,1
Usefor,1
Registersi,1
Is!,1
Society,1
Culture,1
Materialistic,1
Organised,1
Finds,1
Italy,1
Sister,1
Wonder,1
Homestyler,1
2d,1
Decor,1
Designing,1
Tht,1
Transparent,1
Thn,1
Language?,1
Persian,1
Design-please,1
Pre-designed,1
Around-,1
Drag,1
Tiny,1
Placing,1
Agents,1
Respect,1
Shameful,1
Unprofessional,1
Tricky,1
Valuable,1
Yourself,1
Realtors,1
Advertise,1
Economy?!?!,1
Hipmunk,1
Eg,1
Composite,1
Domain,1
Toi,1
Pan,1
Supper,1
Alarama,1
Evehock,1
Happened!?,1
Alarms,1
Orneith,1
Spardically,1
Whyidk,1
Bone,1
Getout,1
Finally!,1
Anonymous,1
Kinda,1
Enabling,1
Lady's,1
Construction,1
Saddam,1
Summary,1
Fails,1
Reduced,1
Okay,1
Configuration,1
Fox,1
Sapping,1
Account??,1
Exists,1
Logging?,1
Man!,1
Shredded,1
Healthier,1
Tho,1
Sir,1
Ringing,1
Hadn't,1
Workef,1
Inding,1
Out!,1
Testing,1
Expectations,1
Simultaneously?,1
Front,1
Is'n,1
Raj,1
Manoj,1
Scrap,1
Chuckle,1
Widgets,1
Thai,1
//,1
Nev,1
Animations,1
Transitions,1
Vibration,1
Grid,1
✋,1
5starbut,1
Thieves,1
Contents,1
Always-on,1
Contacts?,1
Evo,1
Intake,1
Aaaaaaaaaa,1
Gamers,1
Yeeeee,1
Wished,1
Spending,1
Football,1
11,1
Mayb,1
Walsall,1
Jackson,1
Oztumer,1
5but,1
Eat?,1
Mouth,1
Posting,1
Shah,1
Tracking,1
Carbs,1
Proteins,1
Nutrition,1
Enterprises,1
Specify,1
Brightness,1
Consume,1
Harishankar,1
Btinternet,1
Detection,1
Sides,1
Hahahahahaha,1
Awesomeness,1
Born,1
Cookie,1
Again???,1
Check-ins,1
Letting,1
Why'd,1
3t,1
Ef,1
31,1
Campaign2109,1
Policies,1
Analyzing,1
Wooten!omg,1
Michael,1
Meh,1
Symbols?,1
Cyrillic,1
Swarm,1
Note8,1
Deficiency?,1
Done?,1
Recommendation,1
Tip??????????,1
Me!!!,1
Exist!!,1
Bounce,1
Error:network,1
Scam!!,1
Uninstalling!,1
Quatriple,1
Sensei,1
Adsssssssss,1
Pause,1
Autocorrects?,1
Sanskrit,1
Boy,1
Little,1
Mean,1
Noob,1
Gen,1
Marshal,1
Fossil,1
Discounts,1
Nicr,1
Landed?,1
Thete,1
Instruction,1
Coerces,1
Championship?,1
Qualified,1
Leader,1
Jug,1
Claret,1
Fantasy,1
Runs,1
Suck's,1
Golfchannel,1
Rebooted,1
Tour,1
Pga,1
Promises,1
Languages,1
Watch?,1
Doodle,1
Visa,1
4g,1
S3,1
Sprint,1
Ota,1
"""kill",1
"Jobs""",1
Detecting,1
Jobs,1
Ithey,1
Baster,1
Public,1
Beware!!!,1
Media,1
Calculating,1
Buggs,1
Calc,1
Farsi,1
Ice,1
Hebrew,1
Iu,1
Ct,1
Pairing,1
Difficulty,1
Continuous,1
Vis,1
Reflects,1
(hypothetical),1
"Not""",1
"""why",1
Wiener,1
Geat,1
04,1
79937372,1
Msrinivas,1
Chick,1
Yu,1
Ke,1
Bhanu,1
Rakesh,1
Yadav,1
Arun,1
Flowers,1
Woow,1
Days!!!!,1
Remind,1
Changeable,1
♥♥♥,1
Didnot,1
Child!,1
Omg,1
Squish,1
Junie,1
Jones,1
Customization,1
Styles,1
Stuckpixel,1
Quickly,1
Scared,1
Frames,1
Added?,1
Yesss,1
Included,1
Richest,1
No1,1
Ahamed,1
Mdfaisal,1
Appbut,1
Aoom,1
Unscrew,1
Cooooooool,1
Johnwoelke,1
Sh##!,1
Dbz,1
Fum,1
Qualities,1
Utter,1
Directed,1
Gossip,1
Amends,1
Fixtures,1
Friendlies,1
Dsnt,1
Contacting,1
Airline,1
Disconnects,1
Final,1
Connects,1
235,1
Forerunner,1
Adore,1
Jennifer,1
1000,1
Estimated,1
Refuses,1
Feedback,1
Delivering,1
Stall,1
Hajs,1
Timer,1
Hat,1
Distraction,1
Goof,1
Qing,1
Calgon,1
Goo,1
Calming,1
Prtiy,1
Ddd,1
Rocker,1
Rock,1
Yte,1
$$,1
Salsa,1
Kishan,1
Aana,1
Shh,1
Ss,1
Nises,1
Bridges,1
Pleas,1
Install/account,1
Annoying!!!,1
Field,1
Restaurants!,1
Maker,1
Govn,1
Clicks,1
Obfuscation,1
Inappropriate,1
Haterambler,1
Flies,1
Table,1
Tournament,1
Podgonyaet,1
Covers,1
Cons,1
Pros,1
Conceived?,1
Zone,1
Fan,1
Touching,1
Uef,1
League,1
Youth,1
Meditating,1
Stress,1
Яєℓαχιϊg,1
Νєяу,1
Ιт,1
Ιкє,1
ℓ,1
Broken,1
Dreams,1
Joy,1
Rings,1
Appearance,1
Accidentally,1
Jealousy,1
Covering,1
??,1
‚but,1
Wifi/3g,1
Prompting,1
Bathroom,1
Buzz,1
Butterflies,1
Soothing,1
Graceful,1
Butterfly,1
Butterfly's,1
Poured,1
Haah,1
Ammo,1
Joyful,1
Excruciating,1
Rosse,1
5*****app,1
Party,1
Cellphone,1
3/5,1
Reappeared,1
Calender,1
Toggle,1
Dialer,1
Vehicle,1
Dona,1
Picture????,1
Intranet,1
Gooooood,1
Msi,1
Plessey,1
S8+i,1
Help!!!!,1
Knows,1
Wls,1
Get!,1
Reminders!!,1
Journey!,1
Secondary,1
Opponent,1
Interrupted,1
Til,1
Up?,1
Reach,1
Costing,1
Py,1
Darker,1
Taste,1
Seating,1
Ceo,1
Afs,1
"Care""",1
Staging,1
Decisions,1
Acting,1
Screwy,1
Instantaneous,1
Replicate,1
Vcount,1
Slept,1
Cumbersome,1
Somewhat,1
Transfers,1
Netkey,1
Tasks,1
Accomplish,1
Work--your,1
"Us""",1
"""contact",1
40-45,1
Min;,1
"""back""",1
Enabled,1
Disable,1
Plenty,1
Throws,1
Discussion,1
Miles,1
Scroll,1
"Sent""",1
"""not",1
Hung,1
Coworkers),1
One-on-one,1
Simpler,1
Coupled,1
Bills,1
Lack,1
Delays,1
Unsmoothness,1
Itching,1
Uselessness,1
Gross,1
Led,1
To),1
Voltage,1
(or,1
Parents,1
Nices,1
Grant,1
6p?,1
Click,1
Slide,1
Visiting,1
**,1
Believes,1
Token,1
(90),1
More,1
Faster,1
Friends!,1
Biggest,1
Flown,1
Withdrawing,1
Possibility,1
Spaces,1
Long-running,1
Bug:,1
Near-crippling,1
Babysit,1
Sees,1
Company's,1
Ttn,1
Fall,1
'$,1
^,1
78,1
Sales,1
Nil,1
Challenges,1
Kinged,1
Move!,1
Gameyo,1
598',1
55,1
480000,1
393),1
♥baby,1
Jb,1
Hhhhhhhhj,1
Chamoun,1
Nicemy,1
Huda,1
Nxc,1
Square,1
Waaaaay,1
Xz,1
Guest,1
Reserved,1
Hour,1
Thus,1
Group,1
"Working""",1
"""cisco",1
495,1
Dictation,1
Snooze,1
Linux,1
Her,1
Clunky,1
Usually,1
Execution,1
Connectivity,1
Seats,1
Shared,1
Hence,1
Booted,1
From?!?!?!,1
Yall,1
Crashing!,1
99,1
Attempts,1
And/or,1
Non-stop,1
Last/top,1
Diagram,1
Redo,1
Equipped,1
Events,1
Go?,1
%bonds),1
Required,1
Insufficient,1
Portion,1
1pm,1
@,1
8:00,1
+$5000,1
Appt,1
Steal,1
Barcode,1
Change/correct,1
Money!!!!,1
Wi-fi,1
Donations,1
Platelet,1
Offshore,1
Quibble,1
❤,1
Kurdistan,1
Pattern,1
Explanatory,1
Heartsmartgov/ready,1
Spirit,1
Errgghh,1
Login),1
(because,1
Vs,1
Frigging,1
Santa,1
Slowed,1
Chromecast,1
Shortcut,1
Bloomberg?,1
Aira:mk,1
Similar,1
Anna,1
Rocks,1
Resetting,1
Scanner?,1
1997,1
18/05/2011,1
Gingerbread,1
Vodafone,1
Authentication,1
Finance,1
Pichai,1
Sundar,1
Owners,1
3-4,1
Obviously,1
Section,1
Portfolio,1
Appropriations,1
(%stock,1
Reconnecting,1
Slower,1
A+,1
"""dust",1
Leads,1
Dirt,1
Heard,1
Eb,1
Thx,1
Games!,1
!!,1
You!,1
Packed,1
Audio,1
Adhd,1
Frequencies,1
Tuning,1
Manual,1
Presets,1
Likely,1
Chronic,1
Dealing,1
Moment),1
Focus(this,1
Improves,1
Ghosts,1
Scares,1
Wellthanks,1
Fantastici,1
Voted,1
Ranges,1
Explanation,1
Worked!!,1
Fav,1
Cat,1
Timing,1
Singing,1
Ths,1
Blogs,1
Ton,1
"Life""",1
Jump,1
Acct,1
Focused,1
Shut,1
Over-rides,1
Ungodly,1
Wakes,1
Verses,1
Blogger,1
Googlez,1
Nature,1
Hack,1
Clarification,1
Jesus!!!,1
God!!!!!!!,1
Almighty!!!!!!!,1
"""go-to""",1
Morning,1
Teaches,1
Song,1
Difference,1
!!!,1
Wagon,1
Monica,1
Carlos,1
Combat,1
Ver,1
War,1
Contradiction,1
4-,1
Difficulties,1
Weapon,1
Questionsplease,1
5-,1
Emergency,1
Areas,1
Denying,1
Earlyand,1
Facebookit,1
Focus,1
Meditate,1
Rating,1
Volume!!!,1
Tablets,1
Head,1
People?,1
Piss,1
Meditation???!!!,1
Sounds,1
Crackling,1
Coordinate,1
Theta,1
Career,1
Gamma,1
Bravo,1
Financially,1
Integrity,1
Wen,1
Occasionally,1
Levels/upgrades,1
Curious,1
Weakest,1
Stella's,1
Piggy,1
Shoots,1
Clr,1
Bombs,1
Hours!!!,1
Spun,1
Delete!,1
Strongest,1
Improvement:-,1
1-,1
Invisible,1
Judged,1
Galandari,1
Emp,1
2-,1
Leaderboard,1
3-,1
Clan,1
Kp,1
Wzn,1
Rcvd,1
Applied,1
Managed,1
Walmart,1
Zip,1
App!!!!,1
Sh,1
Gnu,1
Chip,1
Disturbed,1
Na,1
Full,1
Him,1
Dasler,1
Piconly,1
Growth,1
Insider,1
Individual,1
Garbeg,1
-5*,1
Biased,1
Politics,1
Update!,1
20%,1
Revenue,1
Sinnpets!,1
Entirety,1
Surveillance,1
Listeners,1
Podcast,1
Radio+,1
Backwards,1
Horrendous,1
Fkn,1
Monthsi,1
Diting,1
"Maintenance""",1
100$,1
Robbed,1
Ups!,1
Blame,1
Year!,1
Grease,1
Seal,1
Issuethanks,1
Dump,1
Chips,1
Potato,1
"""try",1
Pulling,1
Furious!,1
Spanish,1
Brings,1
Fix!!,1
Faaaaaaaaaaltu,1
Uk,1
Ljjukn,1
Tutu,1
Fore,1
Sadly,1
Disappear,1
Disappointedplease,1
Pictures!,1
Killing,1
Dame,1
Crashing!!,1
Recordingcould,1
Okhaving,1
Far,1
Barone,1
Slots,1
Awesum,1
Up!!,1
Ticking,1
Assumes,1
Dil,1
Eeee,1
Recognise,1
Project,1
Darun,1
Idealistic,1
Missing,1
Origami,1
Tutorials,1
Ups,1
Essential,1
Products,1
Oh,1
Jitendra,1
Sets,1
Zf,1
Khan,1
Zafar,1
Recipe,1
Trouble,1
Recordings,1
Hairstyle,1
Compared,1
Bad,1
Uba,1
Conditions,1
Occur,1
Rebate,1
Fooled,1
$1000+,1
Cheques,1
Way-no,1
Awarded,1
Values,1
Collecting,1
Canceling,1
Beyond,1
Yelp,1
Reliable,1
Daily!,1
R,1
Picky,1
Range,1
Selections,1
Recording,1
Mr,1
Occupies,1
Inferior,1
Sampling,1
Recorder,1
Makeup,1
Women,1
Tu,1
Wel,1
Pradyumna,1
Else?,1
Drops,1
Fps,1
Uniforms,1
Australian,1
Panel,1
Figured,1
Death,1
Krianl,1
Doodling,1
Coo,1
Kshawn,1
Vaughan,1
Anthony,1
Monicawathen0705,1
Dominoes,1
Aint,1
Spinner,1
Such,1
Boooooooooring,1
Bangladesh,1
Coai,1
Aaaaaaa,1
Flashing,1
Killah,1
Plzzz,1
Prabhankr,1
Count,1
Perfact,1
Pills,1
Kori,1
Holy,1
Juer,1
Saif,1
Thu,1
Mst,1
Peeps,1
Because,1
Sense,1
Ncy,1
Boots,1
Dresses,1
Adam,1
Modle,1
Sooner,1
"<llllllllll""",1
"""oooooooo",1
Llllllllllll,1
Hospital,1
Baby's,1
Y'all,1
Soup,1
Serving,1
Handle,1
Interview,1
Replied,1
Poeple,1
Naming,1
Banks,1
Horrible,1
Theres,1
Selecting,1
Alternate,1
Lifestyle,1
Syptoms,1
Mood,1
Cycle,1
Pinpoint,1
2004,1
August,1
Mans,1
Le,1
Philippines,1
Restarting,1
Programme,1
Consent,1
Persists,1
Eurocrap,1
Stage,1
Git,1
M5,1
Streaming!!!,1
Iplayer,1
Suc,1
Repitiiton,1
Incessant,1
50mb,1
Yy,1
Station,1
Carolina,1
Linking,1
Seeing,1
Wo,1
Grandma,1
Father,1
Albums,1
Titanic,1
F'ing,1
Prompts,1
Start-up,1
P),1
(using,1
March!,1
Notifications?,1
Sign-in,1
Forcing,1
Relog,1
Login!,1
Electronic,1
Re-enter,1
Stationwhat's,1
Yuck!!!,1
Jacksonvilleflorida,1
Invite,1
Hint,1
Greensboronorth,1
Cr,1
"Error""",1
"""unspecified",1
Hu,1
County,1
Gonna,1
Realtor,1
Genology,1
Contracted,1
Facilities,1
Bags,1
Recharges,1
Progrm,1
Occupy,1
Poop!,1
5t,1
"Number""",1
Intermittently,1
"""i",1
Redeem,1
Rely,1
Nicewhat,1
Perfectyet,1
English-myanmar,1
Deactivethankfully,1
Deactivebackground,1
Setupother,1
Valavala,1
Babu,1
Shyam,1
Naga,1
Jyothsna,1
Branches,1
Jumping,1
Contribution,1
Happens?,1
Charm!!!!,1
Adjustments,1
Launch!,1
S9,1
Stranger,1
108a,1
Frozen,1
Thrice,1
Fully,1
Deserved,1
Launcher?,1
Arrow,1
Myfitnesspal,1
You!!!,1
Fnp,1
Icing,1
Clinical,1
Numerous,1
Asset,1
Invaluable,1
Low/no,1
Charmthen,1
2xl,1
Storage,1
231,1
People!,1
Est,1
Cake,1
Gg,1
Ibloth,1
Zedge,1
Thankful!!,1
Saver!,1
Stride,1
Conversions,1
Government,1
Handed,1
Process!,1
Verizon,1
Apprehensive,1
Restored,1
Controlled,1
Believe,1
Bay,1
Crash!!!,1
Bloated,1
Overly,1
Performer,1
Personalisation,1
Managing,1
Recovery,1
People's,1
Collect,1
A$$$,1
Kick,1
Deserve,1
Thats,1
Rush,1
Introduce,1
Music!,1
Promised;,1
M9,1
Failed,1
Turning,1
Lagging,1
Soi,1
Helpfull,1
Engine!!,1
Uninstalling!!!!!!!!!,1
"Errors""",1
"""authentication",1
Unwrapped,1
Afford,1
Cutters,1
Cord,1
Wich,1
Okk,1
Kitchen,1
C,1
Restarts,1
Recognizing,1
Banned,1
Se,1
Transferred!,1
Supposedly,1
Transfershould,1
Months?,1
60000),1
(count,1
Presumably,1
Label!,1
Frist,1
Imo,1
Repeated,1
West,1
Alikum,1
Ha,1
Thnks,1
Bc,1
Nailed,1
Abdullah,1
Beggar,1
Nickel,1
T,1
Eeeeeeeeeeeeeeeeee,1
Gopad,1
Lmaoo,1
Burring,1
Forever!!!!!!!!!,1
Abbi,1
Fool,1
Markers,1
$70,1
Revolutionary,1
Perfection!,1
Brushes,1
Tools,1
Erasers,1
Solids,1
Gradients,1
Cosita,1
Aap,1
Legit,1
Flash,1
Gingerbread!,1
Merge,1
F,1
Mail,1
Addresses,1
Suggesting,1
Talk,1
Analyze,1
Improvements,1
Now:,1
Then:,1
(iphone),1
Ios!,1
Available,1
Study,1
Foreigner,1
Phonebook,1
Directly,1
Specialand,1
Uploaded,1
Men,1
March,1
Lorba,1
Earning,1
Studying,1
Passed,1
Materials,1
Htc,1
Optimize,1
Animals,1
"""mountain",1
Bloatware,1
Released,1
71,1
Motorola,1
Executives,1
Native,1
Volte,1
Ss!t,1
E4,1
Confirmation,1
Finger,1
Directions,1
On/off,1
Ace,1
Claim,1
Responsibility,1
Member,1
Haven't,1
Freezes!,1
Addressing,1
Ww,1
Ow,1
Records,1
Messaging,1
Dentists,1
Benefits,1
Employees,1
"Scene""",1
Bt,1
Rotation,1
Uts,1
Son,1
Affordable,1
Appointment,1
Doctor's,1
Responsive,1
Telemedicine?,1
Prescriptions,1
Diagnosed,1
Spoke,1
Fix/advise,1
Gooooooooooooooooooooooooooooooooood,1
Yessssssssssssssssssssssssssssssssssssssssssssssssssssssssssssssssssssssssssssssssssssssssssssssssssswwwew,1
Likr,1
"Saying""your",1
Blocks,1
Installations,1
Storee,1
Protect,1
"Device""",1
Avoid,1
Explain,1
Clunky/,1
Involved/doesn't,1
Fb/twitter/google??,1
Percent,1
Jjj,1
Sucked,1
Federal,1
Begins,1
Integrated,1
Max,1
Laws,1
Glba,1
Violated,1
Openly,1
Sesame,1
Granted,1
Identity,1
Validate,1
"""partner""",1
Registration,1
Offer,1
Least,1
Wallet!,1
Gander,1
Nsf,1
Plugins,1
Appears!!,1
Sux,1
Billion,1
Whats,1
Btue,1
Izzy,1
"Picture""",1
"""profile",1
Donated,1
Orientation,1
Adjusted,1
Nov23,1
Bday,1
Nov26,1
Horrendous!,1
45mins,1
Answering,1
Centre,1
Frame,1
Penis,1
Bro,1
2013,1
Ipad,1
Huge,1
Aspect,1
P2w,1
Maximum,1
Activate!,1
Reporti,1
Overtime,1
Pauses,1
Singleplayer,1
Playback,1
Functionality,1
Potential,1
Mine,1
Monitors,1
Categories,1
Breaks,1
00000,1
$646,1
Premise,1
